"master","sub","n"
"h10da","H10A_R.da","1519"
"h10da","H10B_R.da","1519"
"h10da","H10C_R.da","1519"
"h10da","H10D_R.da","1519"
"h10da","H10F_R.da","1519"
"h10da","H10G_R.da","1519"
"h10da","H10I_R.da","1519"
"h10da","H10IO_R.da","1519"
"h10da","H10J_R.da","1519"
"h10da","H10K_R.da","1519"
"h10da","H10L_R.da","1519"
"h10da","H10LB_R.da","1519"
"h10da","H10M1_R.da","1519"
"h10da","H10M2_R.da","1519"
"h10da","H10N_R.da","1519"
"h10da","H10P_R.da","1519"
"h10da","H10PR_R.da","1519"
"h10da","H10RC_R.da","1519"
"h10da","H10S_R.da","1519"
"h10da","H10T_R.da","1519"
"h10da","H10TN_R.da","1519"
"h10da","H10V_R.da","1519"
"h10da","H10W_R.da","1519"
"h10da","H10Y_R.da","1519"
"h12da","H12A_R.da","1412"
"h12da","H12B_R.da","1412"
"h12da","H12C_R.da","1412"
"h12da","H12D_R.da","1412"
"h12da","H12F_R.da","1412"
"h12da","H12G_R.da","1412"
"h12da","H12I_R.da","1412"
"h12da","H12IO_R.da","1412"
"h12da","H12J_R.da","1412"
"h12da","H12K_R.da","1412"
"h12da","H12L_R.da","1412"
"h12da","H12LB_R.da","1412"
"h12da","H12M1_R.da","1412"
"h12da","H12M2_R.da","1412"
"h12da","H12N_R.da","1412"
"h12da","H12P_R.da","1412"
"h12da","H12PR_R.da","1412"
"h12da","H12RC_R.da","1412"
"h12da","H12S_R.da","1412"
"h12da","H12T_R.da","1412"
"h12da","H12TN_R.da","1412"
"h12da","H12V_R.da","1412"
"h12da","H12W_R.da","1412"
"h12da","H12Y_R.da","1412"
"h14da","H14A_R.da","1290"
"h14da","H14B_R.da","1290"
"h14da","H14C_R.da","1290"
"h14da","H14D_R.da","1290"
"h14da","H14F_R.da","1290"
"h14da","H14G_R.da","1290"
"h14da","H14I_R.da","1290"
"h14da","H14IO_R.da","1290"
"h14da","H14J_R.da","1290"
"h14da","H14K_R.da","1290"
"h14da","H14L_R.da","1290"
"h14da","H14LB_R.da","1290"
"h14da","H14M1_R.da","1290"
"h14da","H14M2_R.da","1290"
"h14da","H14N_R.da","1290"
"h14da","H14P_R.da","1290"
"h14da","H14PR_R.da","1290"
"h14da","H14RC_R.da","1290"
"h14da","H14S_R.da","1290"
"h14da","H14T_R.da","1290"
"h14da","H14TN_R.da","1290"
"h14da","H14V_R.da","1290"
"h14da","H14W_R.da","1290"
"h14da","H14Y_R.da","1290"
"h16da","H16A_R.da","1148"
"h16da","H16B_R.da","1148"
"h16da","H16C_R.da","1148"
"h16da","H16D_R.da","1148"
"h16da","H16F_R.da","1148"
"h16da","H16G_R.da","1148"
"h16da","H16I_R.da","1148"
"h16da","H16IO_R.da","1148"
"h16da","H16J_R.da","1148"
"h16da","H16J3_R.da","1148"
"h16da","H16LB_R.da","1148"
"h16da","H16M1_R.da","1148"
"h16da","H16M2_R.da","1148"
"h16da","H16N_R.da","1148"
"h16da","H16P_R.da","1148"
"h16da","H16PR_R.da","1148"
"h16da","H16S_R.da","1148"
"h16da","H16T_R.da","1148"
"h16da","H16TN_R.da","1148"
"h16da","H16V_R.da","1148"
"h16da","H16W_R.da","1148"
"h16da","H16Y_R.da","1148"
